-- phpMyAdmin SQL Dump
-- version 5.2.1
-- https://www.phpmyadmin.net/
--
-- Host: 127.0.0.1
-- Generation Time: Jun 05, 2024 at 06:34 AM
-- Server version: 10.4.32-MariaDB
-- PHP Version: 8.2.12

SET SQL_MODE = "NO_AUTO_VALUE_ON_ZERO";
START TRANSACTION;
SET time_zone = "+00:00";


/*!40101 SET @OLD_CHARACTER_SET_CLIENT=@@CHARACTER_SET_CLIENT */;
/*!40101 SET @OLD_CHARACTER_SET_RESULTS=@@CHARACTER_SET_RESULTS */;
/*!40101 SET @OLD_COLLATION_CONNECTION=@@COLLATION_CONNECTION */;
/*!40101 SET NAMES utf8mb4 */;

--
-- Database: `penduduk`
--

-- --------------------------------------------------------

--
-- Table structure for table `cache`
--

CREATE TABLE `cache` (
  `key` varchar(255) NOT NULL,
  `value` mediumtext NOT NULL,
  `expiration` int(11) NOT NULL
) ENGINE=InnoDB DEFAULT CHARSET=utf8mb4 COLLATE=utf8mb4_unicode_ci;

-- --------------------------------------------------------

--
-- Table structure for table `cache_locks`
--

CREATE TABLE `cache_locks` (
  `key` varchar(255) NOT NULL,
  `owner` varchar(255) NOT NULL,
  `expiration` int(11) NOT NULL
) ENGINE=InnoDB DEFAULT CHARSET=utf8mb4 COLLATE=utf8mb4_unicode_ci;

-- --------------------------------------------------------

--
-- Table structure for table `failed_jobs`
--

CREATE TABLE `failed_jobs` (
  `id` bigint(20) UNSIGNED NOT NULL,
  `uuid` varchar(255) NOT NULL,
  `connection` text NOT NULL,
  `queue` text NOT NULL,
  `payload` longtext NOT NULL,
  `exception` longtext NOT NULL,
  `failed_at` timestamp NOT NULL DEFAULT current_timestamp()
) ENGINE=InnoDB DEFAULT CHARSET=utf8mb4 COLLATE=utf8mb4_unicode_ci;

-- --------------------------------------------------------

--
-- Table structure for table `jobs`
--

CREATE TABLE `jobs` (
  `id` bigint(20) UNSIGNED NOT NULL,
  `queue` varchar(255) NOT NULL,
  `payload` longtext NOT NULL,
  `attempts` tinyint(3) UNSIGNED NOT NULL,
  `reserved_at` int(10) UNSIGNED DEFAULT NULL,
  `available_at` int(10) UNSIGNED NOT NULL,
  `created_at` int(10) UNSIGNED NOT NULL
) ENGINE=InnoDB DEFAULT CHARSET=utf8mb4 COLLATE=utf8mb4_unicode_ci;

-- --------------------------------------------------------

--
-- Table structure for table `job_batches`
--

CREATE TABLE `job_batches` (
  `id` varchar(255) NOT NULL,
  `name` varchar(255) NOT NULL,
  `total_jobs` int(11) NOT NULL,
  `pending_jobs` int(11) NOT NULL,
  `failed_jobs` int(11) NOT NULL,
  `failed_job_ids` longtext NOT NULL,
  `options` mediumtext DEFAULT NULL,
  `cancelled_at` int(11) DEFAULT NULL,
  `created_at` int(11) NOT NULL,
  `finished_at` int(11) DEFAULT NULL
) ENGINE=InnoDB DEFAULT CHARSET=utf8mb4 COLLATE=utf8mb4_unicode_ci;

-- --------------------------------------------------------

--
-- Table structure for table `kabupaten`
--

CREATE TABLE `kabupaten` (
  `id` bigint(20) UNSIGNED NOT NULL,
  `id_provinsi` int(11) NOT NULL,
  `nama_kabupaten` varchar(255) NOT NULL,
  `created_at` timestamp NULL DEFAULT NULL,
  `updated_at` timestamp NULL DEFAULT NULL
) ENGINE=InnoDB DEFAULT CHARSET=utf8mb4 COLLATE=utf8mb4_unicode_ci;

--
-- Dumping data for table `kabupaten`
--

INSERT INTO `kabupaten` (`id`, `id_provinsi`, `nama_kabupaten`, `created_at`, `updated_at`) VALUES
(1101, 11, 'KABUPATEN SIMEULUE', '2024-06-05 04:32:04', '2024-06-05 04:32:04'),
(1102, 11, 'KABUPATEN ACEH SINGKIL', '2024-06-05 04:32:04', '2024-06-05 04:32:04'),
(1103, 11, 'KABUPATEN ACEH SELATAN', '2024-06-05 04:32:04', '2024-06-05 04:32:04'),
(1104, 11, 'KABUPATEN ACEH TENGGARA', '2024-06-05 04:32:04', '2024-06-05 04:32:04'),
(1105, 11, 'KABUPATEN ACEH TIMUR', '2024-06-05 04:32:04', '2024-06-05 04:32:04'),
(1106, 11, 'KABUPATEN ACEH TENGAH', '2024-06-05 04:32:04', '2024-06-05 04:32:04'),
(1107, 11, 'KABUPATEN ACEH BARAT', '2024-06-05 04:32:04', '2024-06-05 04:32:04'),
(1108, 11, 'KABUPATEN ACEH BESAR', '2024-06-05 04:32:04', '2024-06-05 04:32:04'),
(1109, 11, 'KABUPATEN PIDIE', '2024-06-05 04:32:04', '2024-06-05 04:32:04'),
(1110, 11, 'KABUPATEN BIREUEN', '2024-06-05 04:32:04', '2024-06-05 04:32:04'),
(1111, 11, 'KABUPATEN ACEH UTARA', '2024-06-05 04:32:04', '2024-06-05 04:32:04'),
(1112, 11, 'KABUPATEN ACEH BARAT DAYA', '2024-06-05 04:32:04', '2024-06-05 04:32:04'),
(1113, 11, 'KABUPATEN GAYO LUES', '2024-06-05 04:32:04', '2024-06-05 04:32:04'),
(1114, 11, 'KABUPATEN ACEH TAMIANG', '2024-06-05 04:32:04', '2024-06-05 04:32:04'),
(1115, 11, 'KABUPATEN NAGAN RAYA', '2024-06-05 04:32:04', '2024-06-05 04:32:04'),
(1116, 11, 'KABUPATEN ACEH JAYA', '2024-06-05 04:32:04', '2024-06-05 04:32:04'),
(1117, 11, 'KABUPATEN BENER MERIAH', '2024-06-05 04:32:04', '2024-06-05 04:32:04'),
(1118, 11, 'KABUPATEN PIDIE JAYA', '2024-06-05 04:32:04', '2024-06-05 04:32:04'),
(1171, 11, 'KOTA BANDA ACEH', '2024-06-05 04:32:04', '2024-06-05 04:32:04'),
(1172, 11, 'KOTA SABANG', '2024-06-05 04:32:04', '2024-06-05 04:32:04'),
(1173, 11, 'KOTA LANGSA', '2024-06-05 04:32:04', '2024-06-05 04:32:04'),
(1174, 11, 'KOTA LHOKSEUMAWE', '2024-06-05 04:32:04', '2024-06-05 04:32:04'),
(1175, 11, 'KOTA SUBULUSSALAM', '2024-06-05 04:32:04', '2024-06-05 04:32:04'),
(1201, 12, 'KABUPATEN NIAS', '2024-06-05 04:32:04', '2024-06-05 04:32:04'),
(1202, 12, 'KABUPATEN MANDAILING NATAL', '2024-06-05 04:32:04', '2024-06-05 04:32:04'),
(1203, 12, 'KABUPATEN TAPANULI SELATAN', '2024-06-05 04:32:04', '2024-06-05 04:32:04'),
(1204, 12, 'KABUPATEN TAPANULI TENGAH', '2024-06-05 04:32:04', '2024-06-05 04:32:04'),
(1205, 12, 'KABUPATEN TAPANULI UTARA', '2024-06-05 04:32:04', '2024-06-05 04:32:04'),
(1206, 12, 'KABUPATEN TOBA SAMOSIR', '2024-06-05 04:32:04', '2024-06-05 04:32:04'),
(1207, 12, 'KABUPATEN LABUHAN BATU', '2024-06-05 04:32:04', '2024-06-05 04:32:04'),
(1208, 12, 'KABUPATEN ASAHAN', '2024-06-05 04:32:04', '2024-06-05 04:32:04'),
(1209, 12, 'KABUPATEN SIMALUNGUN', '2024-06-05 04:32:04', '2024-06-05 04:32:04'),
(1210, 12, 'KABUPATEN DAIRI', '2024-06-05 04:32:04', '2024-06-05 04:32:04'),
(1211, 12, 'KABUPATEN KARO', '2024-06-05 04:32:04', '2024-06-05 04:32:04'),
(1212, 12, 'KABUPATEN DELI SERDANG', '2024-06-05 04:32:04', '2024-06-05 04:32:04'),
(1213, 12, 'KABUPATEN LANGKAT', '2024-06-05 04:32:04', '2024-06-05 04:32:04'),
(1214, 12, 'KABUPATEN NIAS SELATAN', '2024-06-05 04:32:04', '2024-06-05 04:32:04'),
(1215, 12, 'KABUPATEN HUMBANG HASUNDUTAN', '2024-06-05 04:32:04', '2024-06-05 04:32:04'),
(1216, 12, 'KABUPATEN PAKPAK BHARAT', '2024-06-05 04:32:04', '2024-06-05 04:32:04'),
(1217, 12, 'KABUPATEN SAMOSIR', '2024-06-05 04:32:04', '2024-06-05 04:32:04'),
(1218, 12, 'KABUPATEN SERDANG BEDAGAI', '2024-06-05 04:32:04', '2024-06-05 04:32:04'),
(1219, 12, 'KABUPATEN BATU BARA', '2024-06-05 04:32:04', '2024-06-05 04:32:04'),
(1220, 12, 'KABUPATEN PADANG LAWAS UTARA', '2024-06-05 04:32:04', '2024-06-05 04:32:04'),
(1221, 12, 'KABUPATEN PADANG LAWAS', '2024-06-05 04:32:04', '2024-06-05 04:32:04'),
(1222, 12, 'KABUPATEN LABUHAN BATU SELATAN', '2024-06-05 04:32:04', '2024-06-05 04:32:04'),
(1223, 12, 'KABUPATEN LABUHAN BATU UTARA', '2024-06-05 04:32:04', '2024-06-05 04:32:04'),
(1224, 12, 'KABUPATEN NIAS UTARA', '2024-06-05 04:32:04', '2024-06-05 04:32:04'),
(1225, 12, 'KABUPATEN NIAS BARAT', '2024-06-05 04:32:04', '2024-06-05 04:32:04'),
(1271, 12, 'KOTA SIBOLGA', '2024-06-05 04:32:04', '2024-06-05 04:32:04'),
(1272, 12, 'KOTA TANJUNG BALAI', '2024-06-05 04:32:04', '2024-06-05 04:32:04'),
(1273, 12, 'KOTA PEMATANG SIANTAR', '2024-06-05 04:32:04', '2024-06-05 04:32:04'),
(1274, 12, 'KOTA TEBING TINGGI', '2024-06-05 04:32:04', '2024-06-05 04:32:04'),
(1275, 12, 'KOTA MEDAN', '2024-06-05 04:32:04', '2024-06-05 04:32:04'),
(1276, 12, 'KOTA BINJAI', '2024-06-05 04:32:04', '2024-06-05 04:32:04'),
(1277, 12, 'KOTA PADANGSIDIMPUAN', '2024-06-05 04:32:04', '2024-06-05 04:32:04'),
(1278, 12, 'KOTA GUNUNGSITOLI', '2024-06-05 04:32:04', '2024-06-05 04:32:04'),
(1301, 13, 'KABUPATEN KEPULAUAN MENTAWAI', '2024-06-05 04:32:04', '2024-06-05 04:32:04'),
(1302, 13, 'KABUPATEN PESISIR SELATAN', '2024-06-05 04:32:04', '2024-06-05 04:32:04'),
(1303, 13, 'KABUPATEN SOLOK', '2024-06-05 04:32:04', '2024-06-05 04:32:04'),
(1304, 13, 'KABUPATEN SIJUNJUNG', '2024-06-05 04:32:04', '2024-06-05 04:32:04'),
(1305, 13, 'KABUPATEN TANAH DATAR', '2024-06-05 04:32:04', '2024-06-05 04:32:04'),
(1306, 13, 'KABUPATEN PADANG PARIAMAN', '2024-06-05 04:32:04', '2024-06-05 04:32:04'),
(1307, 13, 'KABUPATEN AGAM', '2024-06-05 04:32:04', '2024-06-05 04:32:04'),
(1308, 13, 'KABUPATEN LIMA PULUH KOTA', '2024-06-05 04:32:04', '2024-06-05 04:32:04'),
(1309, 13, 'KABUPATEN PASAMAN', '2024-06-05 04:32:04', '2024-06-05 04:32:04'),
(1310, 13, 'KABUPATEN SOLOK SELATAN', '2024-06-05 04:32:04', '2024-06-05 04:32:04'),
(1311, 13, 'KABUPATEN DHARMASRAYA', '2024-06-05 04:32:04', '2024-06-05 04:32:04'),
(1312, 13, 'KABUPATEN PASAMAN BARAT', '2024-06-05 04:32:04', '2024-06-05 04:32:04'),
(1371, 13, 'KOTA PADANG', '2024-06-05 04:32:04', '2024-06-05 04:32:04'),
(1372, 13, 'KOTA SOLOK', '2024-06-05 04:32:04', '2024-06-05 04:32:04'),
(1373, 13, 'KOTA SAWAH LUNTO', '2024-06-05 04:32:04', '2024-06-05 04:32:04'),
(1374, 13, 'KOTA PADANG PANJANG', '2024-06-05 04:32:04', '2024-06-05 04:32:04'),
(1375, 13, 'KOTA BUKITTINGGI', '2024-06-05 04:32:04', '2024-06-05 04:32:04'),
(1376, 13, 'KOTA PAYAKUMBUH', '2024-06-05 04:32:04', '2024-06-05 04:32:04'),
(1377, 13, 'KOTA PARIAMAN', '2024-06-05 04:32:04', '2024-06-05 04:32:04'),
(1401, 14, 'KABUPATEN KUANTAN SINGINGI', '2024-06-05 04:32:04', '2024-06-05 04:32:04'),
(1402, 14, 'KABUPATEN INDRAGIRI HULU', '2024-06-05 04:32:04', '2024-06-05 04:32:04'),
(1403, 14, 'KABUPATEN INDRAGIRI HILIR', '2024-06-05 04:32:04', '2024-06-05 04:32:04'),
(1404, 14, 'KABUPATEN PELALAWAN', '2024-06-05 04:32:04', '2024-06-05 04:32:04'),
(1405, 14, 'KABUPATEN S I A K', '2024-06-05 04:32:04', '2024-06-05 04:32:04'),
(1406, 14, 'KABUPATEN KAMPAR', '2024-06-05 04:32:04', '2024-06-05 04:32:04'),
(1407, 14, 'KABUPATEN ROKAN HULU', '2024-06-05 04:32:04', '2024-06-05 04:32:04'),
(1408, 14, 'KABUPATEN BENGKALIS', '2024-06-05 04:32:04', '2024-06-05 04:32:04'),
(1409, 14, 'KABUPATEN ROKAN HILIR', '2024-06-05 04:32:04', '2024-06-05 04:32:04'),
(1410, 14, 'KABUPATEN KEPULAUAN MERANTI', '2024-06-05 04:32:04', '2024-06-05 04:32:04'),
(1471, 14, 'KOTA PEKANBARU', '2024-06-05 04:32:04', '2024-06-05 04:32:04'),
(1473, 14, 'KOTA D U M A I', '2024-06-05 04:32:04', '2024-06-05 04:32:04'),
(1501, 15, 'KABUPATEN KERINCI', '2024-06-05 04:32:04', '2024-06-05 04:32:04'),
(1502, 15, 'KABUPATEN MERANGIN', '2024-06-05 04:32:04', '2024-06-05 04:32:04'),
(1503, 15, 'KABUPATEN SAROLANGUN', '2024-06-05 04:32:04', '2024-06-05 04:32:04'),
(1504, 15, 'KABUPATEN BATANG HARI', '2024-06-05 04:32:04', '2024-06-05 04:32:04'),
(1505, 15, 'KABUPATEN MUARO JAMBI', '2024-06-05 04:32:04', '2024-06-05 04:32:04'),
(1506, 15, 'KABUPATEN TANJUNG JABUNG TIMUR', '2024-06-05 04:32:04', '2024-06-05 04:32:04'),
(1507, 15, 'KABUPATEN TANJUNG JABUNG BARAT', '2024-06-05 04:32:04', '2024-06-05 04:32:04'),
(1508, 15, 'KABUPATEN TEBO', '2024-06-05 04:32:04', '2024-06-05 04:32:04'),
(1509, 15, 'KABUPATEN BUNGO', '2024-06-05 04:32:04', '2024-06-05 04:32:04'),
(1571, 15, 'KOTA JAMBI', '2024-06-05 04:32:04', '2024-06-05 04:32:04'),
(1572, 15, 'KOTA SUNGAI PENUH', '2024-06-05 04:32:04', '2024-06-05 04:32:04'),
(1601, 16, 'KABUPATEN OGAN KOMERING ULU', '2024-06-05 04:32:04', '2024-06-05 04:32:04'),
(1602, 16, 'KABUPATEN OGAN KOMERING ILIR', '2024-06-05 04:32:04', '2024-06-05 04:32:04'),
(1603, 16, 'KABUPATEN MUARA ENIM', '2024-06-05 04:32:04', '2024-06-05 04:32:04'),
(1604, 16, 'KABUPATEN LAHAT', '2024-06-05 04:32:04', '2024-06-05 04:32:04'),
(1605, 16, 'KABUPATEN MUSI RAWAS', '2024-06-05 04:32:04', '2024-06-05 04:32:04'),
(1606, 16, 'KABUPATEN MUSI BANYUASIN', '2024-06-05 04:32:04', '2024-06-05 04:32:04'),
(1607, 16, 'KABUPATEN BANYU ASIN', '2024-06-05 04:32:04', '2024-06-05 04:32:04'),
(1608, 16, 'KABUPATEN OGAN KOMERING ULU SELATAN', '2024-06-05 04:32:04', '2024-06-05 04:32:04'),
(1609, 16, 'KABUPATEN OGAN KOMERING ULU TIMUR', '2024-06-05 04:32:04', '2024-06-05 04:32:04'),
(1610, 16, 'KABUPATEN OGAN ILIR', '2024-06-05 04:32:04', '2024-06-05 04:32:04'),
(1611, 16, 'KABUPATEN EMPAT LAWANG', '2024-06-05 04:32:04', '2024-06-05 04:32:04'),
(1612, 16, 'KABUPATEN PENUKAL ABAB LEMATANG ILIR', '2024-06-05 04:32:04', '2024-06-05 04:32:04'),
(1613, 16, 'KABUPATEN MUSI RAWAS UTARA', '2024-06-05 04:32:04', '2024-06-05 04:32:04'),
(1671, 16, 'KOTA PALEMBANG', '2024-06-05 04:32:04', '2024-06-05 04:32:04'),
(1672, 16, 'KOTA PRABUMULIH', '2024-06-05 04:32:04', '2024-06-05 04:32:04'),
(1673, 16, 'KOTA PAGAR ALAM', '2024-06-05 04:32:04', '2024-06-05 04:32:04'),
(1674, 16, 'KOTA LUBUKLINGGAU', '2024-06-05 04:32:04', '2024-06-05 04:32:04'),
(1701, 17, 'KABUPATEN BENGKULU SELATAN', '2024-06-05 04:32:04', '2024-06-05 04:32:04'),
(1702, 17, 'KABUPATEN REJANG LEBONG', '2024-06-05 04:32:04', '2024-06-05 04:32:04'),
(1703, 17, 'KABUPATEN BENGKULU UTARA', '2024-06-05 04:32:04', '2024-06-05 04:32:04'),
(1704, 17, 'KABUPATEN KAUR', '2024-06-05 04:32:04', '2024-06-05 04:32:04'),
(1705, 17, 'KABUPATEN SELUMA', '2024-06-05 04:32:04', '2024-06-05 04:32:04'),
(1706, 17, 'KABUPATEN MUKOMUKO', '2024-06-05 04:32:04', '2024-06-05 04:32:04'),
(1707, 17, 'KABUPATEN LEBONG', '2024-06-05 04:32:04', '2024-06-05 04:32:04'),
(1708, 17, 'KABUPATEN KEPAHIANG', '2024-06-05 04:32:04', '2024-06-05 04:32:04'),
(1709, 17, 'KABUPATEN BENGKULU TENGAH', '2024-06-05 04:32:04', '2024-06-05 04:32:04'),
(1771, 17, 'KOTA BENGKULU', '2024-06-05 04:32:04', '2024-06-05 04:32:04'),
(1801, 18, 'KABUPATEN LAMPUNG BARAT', '2024-06-05 04:32:04', '2024-06-05 04:32:04'),
(1802, 18, 'KABUPATEN TANGGAMUS', '2024-06-05 04:32:04', '2024-06-05 04:32:04'),
(1803, 18, 'KABUPATEN LAMPUNG SELATAN', '2024-06-05 04:32:04', '2024-06-05 04:32:04'),
(1804, 18, 'KABUPATEN LAMPUNG TIMUR', '2024-06-05 04:32:04', '2024-06-05 04:32:04'),
(1805, 18, 'KABUPATEN LAMPUNG TENGAH', '2024-06-05 04:32:04', '2024-06-05 04:32:04'),
(1806, 18, 'KABUPATEN LAMPUNG UTARA', '2024-06-05 04:32:04', '2024-06-05 04:32:04'),
(1807, 18, 'KABUPATEN WAY KANAN', '2024-06-05 04:32:04', '2024-06-05 04:32:04'),
(1808, 18, 'KABUPATEN TULANGBAWANG', '2024-06-05 04:32:04', '2024-06-05 04:32:04'),
(1809, 18, 'KABUPATEN PESAWARAN', '2024-06-05 04:32:04', '2024-06-05 04:32:04'),
(1810, 18, 'KABUPATEN PRINGSEWU', '2024-06-05 04:32:04', '2024-06-05 04:32:04'),
(1811, 18, 'KABUPATEN MESUJI', '2024-06-05 04:32:04', '2024-06-05 04:32:04'),
(1812, 18, 'KABUPATEN TULANG BAWANG BARAT', '2024-06-05 04:32:04', '2024-06-05 04:32:04'),
(1813, 18, 'KABUPATEN PESISIR BARAT', '2024-06-05 04:32:04', '2024-06-05 04:32:04'),
(1871, 18, 'KOTA BANDAR LAMPUNG', '2024-06-05 04:32:04', '2024-06-05 04:32:04'),
(1872, 18, 'KOTA METRO', '2024-06-05 04:32:04', '2024-06-05 04:32:04'),
(1901, 19, 'KABUPATEN BANGKA', '2024-06-05 04:32:04', '2024-06-05 04:32:04'),
(1902, 19, 'KABUPATEN BELITUNG', '2024-06-05 04:32:04', '2024-06-05 04:32:04'),
(1903, 19, 'KABUPATEN BANGKA BARAT', '2024-06-05 04:32:04', '2024-06-05 04:32:04'),
(1904, 19, 'KABUPATEN BANGKA TENGAH', '2024-06-05 04:32:04', '2024-06-05 04:32:04'),
(1905, 19, 'KABUPATEN BANGKA SELATAN', '2024-06-05 04:32:04', '2024-06-05 04:32:04'),
(1906, 19, 'KABUPATEN BELITUNG TIMUR', '2024-06-05 04:32:04', '2024-06-05 04:32:04'),
(1971, 19, 'KOTA PANGKAL PINANG', '2024-06-05 04:32:04', '2024-06-05 04:32:04'),
(2101, 21, 'KABUPATEN KARIMUN', '2024-06-05 04:32:04', '2024-06-05 04:32:04'),
(2102, 21, 'KABUPATEN BINTAN', '2024-06-05 04:32:04', '2024-06-05 04:32:04'),
(2103, 21, 'KABUPATEN NATUNA', '2024-06-05 04:32:04', '2024-06-05 04:32:04'),
(2104, 21, 'KABUPATEN LINGGA', '2024-06-05 04:32:04', '2024-06-05 04:32:04'),
(2105, 21, 'KABUPATEN KEPULAUAN ANAMBAS', '2024-06-05 04:32:04', '2024-06-05 04:32:04'),
(2171, 21, 'KOTA B A T A M', '2024-06-05 04:32:04', '2024-06-05 04:32:04'),
(2172, 21, 'KOTA TANJUNG PINANG', '2024-06-05 04:32:04', '2024-06-05 04:32:04'),
(3101, 31, 'KABUPATEN KEPULAUAN SERIBU', '2024-06-05 04:32:04', '2024-06-05 04:32:04'),
(3171, 31, 'KOTA JAKARTA SELATAN', '2024-06-05 04:32:04', '2024-06-05 04:32:04'),
(3172, 31, 'KOTA JAKARTA TIMUR', '2024-06-05 04:32:04', '2024-06-05 04:32:04'),
(3173, 31, 'KOTA JAKARTA PUSAT', '2024-06-05 04:32:04', '2024-06-05 04:32:04'),
(3174, 31, 'KOTA JAKARTA BARAT', '2024-06-05 04:32:04', '2024-06-05 04:32:04'),
(3175, 31, 'KOTA JAKARTA UTARA', '2024-06-05 04:32:04', '2024-06-05 04:32:04'),
(3201, 32, 'KABUPATEN BOGOR', '2024-06-05 04:32:04', '2024-06-05 04:32:04'),
(3202, 32, 'KABUPATEN SUKABUMI', '2024-06-05 04:32:04', '2024-06-05 04:32:04'),
(3203, 32, 'KABUPATEN CIANJUR', '2024-06-05 04:32:04', '2024-06-05 04:32:04'),
(3204, 32, 'KABUPATEN BANDUNG', '2024-06-05 04:32:04', '2024-06-05 04:32:04'),
(3205, 32, 'KABUPATEN GARUT', '2024-06-05 04:32:04', '2024-06-05 04:32:04'),
(3206, 32, 'KABUPATEN TASIKMALAYA', '2024-06-05 04:32:04', '2024-06-05 04:32:04'),
(3207, 32, 'KABUPATEN CIAMIS', '2024-06-05 04:32:04', '2024-06-05 04:32:04'),
(3208, 32, 'KABUPATEN KUNINGAN', '2024-06-05 04:32:04', '2024-06-05 04:32:04'),
(3209, 32, 'KABUPATEN CIREBON', '2024-06-05 04:32:04', '2024-06-05 04:32:04'),
(3210, 32, 'KABUPATEN MAJALENGKA', '2024-06-05 04:32:04', '2024-06-05 04:32:04'),
(3211, 32, 'KABUPATEN SUMEDANG', '2024-06-05 04:32:04', '2024-06-05 04:32:04'),
(3212, 32, 'KABUPATEN INDRAMAYU', '2024-06-05 04:32:04', '2024-06-05 04:32:04'),
(3213, 32, 'KABUPATEN SUBANG', '2024-06-05 04:32:04', '2024-06-05 04:32:04'),
(3214, 32, 'KABUPATEN PURWAKARTA', '2024-06-05 04:32:04', '2024-06-05 04:32:04'),
(3215, 32, 'KABUPATEN KARAWANG', '2024-06-05 04:32:04', '2024-06-05 04:32:04'),
(3216, 32, 'KABUPATEN BEKASI', '2024-06-05 04:32:04', '2024-06-05 04:32:04'),
(3217, 32, 'KABUPATEN BANDUNG BARAT', '2024-06-05 04:32:04', '2024-06-05 04:32:04'),
(3218, 32, 'KABUPATEN PANGANDARAN', '2024-06-05 04:32:04', '2024-06-05 04:32:04'),
(3271, 32, 'KOTA BOGOR', '2024-06-05 04:32:04', '2024-06-05 04:32:04'),
(3272, 32, 'KOTA SUKABUMI', '2024-06-05 04:32:04', '2024-06-05 04:32:04'),
(3273, 32, 'KOTA BANDUNG', '2024-06-05 04:32:04', '2024-06-05 04:32:04'),
(3274, 32, 'KOTA CIREBON', '2024-06-05 04:32:04', '2024-06-05 04:32:04'),
(3275, 32, 'KOTA BEKASI', '2024-06-05 04:32:04', '2024-06-05 04:32:04'),
(3276, 32, 'KOTA DEPOK', '2024-06-05 04:32:04', '2024-06-05 04:32:04'),
(3277, 32, 'KOTA CIMAHI', '2024-06-05 04:32:04', '2024-06-05 04:32:04'),
(3278, 32, 'KOTA TASIKMALAYA', '2024-06-05 04:32:04', '2024-06-05 04:32:04'),
(3279, 32, 'KOTA BANJAR', '2024-06-05 04:32:04', '2024-06-05 04:32:04'),
(3301, 33, 'KABUPATEN CILACAP', '2024-06-05 04:32:04', '2024-06-05 04:32:04'),
(3302, 33, 'KABUPATEN BANYUMAS', '2024-06-05 04:32:04', '2024-06-05 04:32:04'),
(3303, 33, 'KABUPATEN PURBALINGGA', '2024-06-05 04:32:04', '2024-06-05 04:32:04'),
(3304, 33, 'KABUPATEN BANJARNEGARA', '2024-06-05 04:32:04', '2024-06-05 04:32:04'),
(3305, 33, 'KABUPATEN KEBUMEN', '2024-06-05 04:32:04', '2024-06-05 04:32:04'),
(3306, 33, 'KABUPATEN PURWOREJO', '2024-06-05 04:32:04', '2024-06-05 04:32:04'),
(3307, 33, 'KABUPATEN WONOSOBO', '2024-06-05 04:32:04', '2024-06-05 04:32:04'),
(3308, 33, 'KABUPATEN MAGELANG', '2024-06-05 04:32:04', '2024-06-05 04:32:04'),
(3309, 33, 'KABUPATEN BOYOLALI', '2024-06-05 04:32:04', '2024-06-05 04:32:04'),
(3310, 33, 'KABUPATEN KLATEN', '2024-06-05 04:32:04', '2024-06-05 04:32:04'),
(3311, 33, 'KABUPATEN SUKOHARJO', '2024-06-05 04:32:04', '2024-06-05 04:32:04'),
(3312, 33, 'KABUPATEN WONOGIRI', '2024-06-05 04:32:04', '2024-06-05 04:32:04'),
(3313, 33, 'KABUPATEN KARANGANYAR', '2024-06-05 04:32:04', '2024-06-05 04:32:04'),
(3314, 33, 'KABUPATEN SRAGEN', '2024-06-05 04:32:04', '2024-06-05 04:32:04'),
(3315, 33, 'KABUPATEN GROBOGAN', '2024-06-05 04:32:04', '2024-06-05 04:32:04'),
(3316, 33, 'KABUPATEN BLORA', '2024-06-05 04:32:04', '2024-06-05 04:32:04'),
(3317, 33, 'KABUPATEN REMBANG', '2024-06-05 04:32:04', '2024-06-05 04:32:04'),
(3318, 33, 'KABUPATEN PATI', '2024-06-05 04:32:04', '2024-06-05 04:32:04'),
(3319, 33, 'KABUPATEN KUDUS', '2024-06-05 04:32:04', '2024-06-05 04:32:04'),
(3320, 33, 'KABUPATEN JEPARA', '2024-06-05 04:32:04', '2024-06-05 04:32:04'),
(3321, 33, 'KABUPATEN DEMAK', '2024-06-05 04:32:04', '2024-06-05 04:32:04'),
(3322, 33, 'KABUPATEN SEMARANG', '2024-06-05 04:32:04', '2024-06-05 04:32:04'),
(3323, 33, 'KABUPATEN TEMANGGUNG', '2024-06-05 04:32:04', '2024-06-05 04:32:04'),
(3324, 33, 'KABUPATEN KENDAL', '2024-06-05 04:32:04', '2024-06-05 04:32:04'),
(3325, 33, 'KABUPATEN BATANG', '2024-06-05 04:32:04', '2024-06-05 04:32:04'),
(3326, 33, 'KABUPATEN PEKALONGAN', '2024-06-05 04:32:04', '2024-06-05 04:32:04'),
(3327, 33, 'KABUPATEN PEMALANG', '2024-06-05 04:32:04', '2024-06-05 04:32:04'),
(3328, 33, 'KABUPATEN TEGAL', '2024-06-05 04:32:04', '2024-06-05 04:32:04'),
(3329, 33, 'KABUPATEN BREBES', '2024-06-05 04:32:04', '2024-06-05 04:32:04'),
(3371, 33, 'KOTA MAGELANG', '2024-06-05 04:32:04', '2024-06-05 04:32:04'),
(3372, 33, 'KOTA SURAKARTA', '2024-06-05 04:32:04', '2024-06-05 04:32:04'),
(3373, 33, 'KOTA SALATIGA', '2024-06-05 04:32:04', '2024-06-05 04:32:04'),
(3374, 33, 'KOTA SEMARANG', '2024-06-05 04:32:04', '2024-06-05 04:32:04'),
(3375, 33, 'KOTA PEKALONGAN', '2024-06-05 04:32:04', '2024-06-05 04:32:04'),
(3376, 33, 'KOTA TEGAL', '2024-06-05 04:32:04', '2024-06-05 04:32:04'),
(3401, 34, 'KABUPATEN KULON PROGO', '2024-06-05 04:32:04', '2024-06-05 04:32:04'),
(3402, 34, 'KABUPATEN BANTUL', '2024-06-05 04:32:04', '2024-06-05 04:32:04'),
(3403, 34, 'KABUPATEN GUNUNG KIDUL', '2024-06-05 04:32:04', '2024-06-05 04:32:04'),
(3404, 34, 'KABUPATEN SLEMAN', '2024-06-05 04:32:04', '2024-06-05 04:32:04'),
(3471, 34, 'KOTA YOGYAKARTA', '2024-06-05 04:32:04', '2024-06-05 04:32:04'),
(3501, 35, 'KABUPATEN PACITAN', '2024-06-05 04:32:04', '2024-06-05 04:32:04'),
(3502, 35, 'KABUPATEN PONOROGO', '2024-06-05 04:32:04', '2024-06-05 04:32:04'),
(3503, 35, 'KABUPATEN TRENGGALEK', '2024-06-05 04:32:04', '2024-06-05 04:32:04'),
(3504, 35, 'KABUPATEN TULUNGAGUNG', '2024-06-05 04:32:04', '2024-06-05 04:32:04'),
(3505, 35, 'KABUPATEN BLITAR', '2024-06-05 04:32:04', '2024-06-05 04:32:04'),
(3506, 35, 'KABUPATEN KEDIRI', '2024-06-05 04:32:04', '2024-06-05 04:32:04'),
(3507, 35, 'KABUPATEN MALANG', '2024-06-05 04:32:04', '2024-06-05 04:32:04'),
(3508, 35, 'KABUPATEN LUMAJANG', '2024-06-05 04:32:04', '2024-06-05 04:32:04'),
(3509, 35, 'KABUPATEN JEMBER', '2024-06-05 04:32:04', '2024-06-05 04:32:04'),
(3510, 35, 'KABUPATEN BANYUWANGI', '2024-06-05 04:32:04', '2024-06-05 04:32:04'),
(3511, 35, 'KABUPATEN BONDOWOSO', '2024-06-05 04:32:04', '2024-06-05 04:32:04'),
(3512, 35, 'KABUPATEN SITUBONDO', '2024-06-05 04:32:04', '2024-06-05 04:32:04'),
(3513, 35, 'KABUPATEN PROBOLINGGO', '2024-06-05 04:32:04', '2024-06-05 04:32:04'),
(3514, 35, 'KABUPATEN PASURUAN', '2024-06-05 04:32:04', '2024-06-05 04:32:04'),
(3515, 35, 'KABUPATEN SIDOARJO', '2024-06-05 04:32:04', '2024-06-05 04:32:04'),
(3516, 35, 'KABUPATEN MOJOKERTO', '2024-06-05 04:32:04', '2024-06-05 04:32:04'),
(3517, 35, 'KABUPATEN JOMBANG', '2024-06-05 04:32:04', '2024-06-05 04:32:04'),
(3518, 35, 'KABUPATEN NGANJUK', '2024-06-05 04:32:04', '2024-06-05 04:32:04'),
(3519, 35, 'KABUPATEN MADIUN', '2024-06-05 04:32:04', '2024-06-05 04:32:04'),
(3520, 35, 'KABUPATEN MAGETAN', '2024-06-05 04:32:04', '2024-06-05 04:32:04'),
(3521, 35, 'KABUPATEN NGAWI', '2024-06-05 04:32:04', '2024-06-05 04:32:04'),
(3522, 35, 'KABUPATEN BOJONEGORO', '2024-06-05 04:32:04', '2024-06-05 04:32:04'),
(3523, 35, 'KABUPATEN TUBAN', '2024-06-05 04:32:04', '2024-06-05 04:32:04'),
(3524, 35, 'KABUPATEN LAMONGAN', '2024-06-05 04:32:04', '2024-06-05 04:32:04'),
(3525, 35, 'KABUPATEN GRESIK', '2024-06-05 04:32:04', '2024-06-05 04:32:04'),
(3526, 35, 'KABUPATEN BANGKALAN', '2024-06-05 04:32:04', '2024-06-05 04:32:04'),
(3527, 35, 'KABUPATEN SAMPANG', '2024-06-05 04:32:04', '2024-06-05 04:32:04'),
(3528, 35, 'KABUPATEN PAMEKASAN', '2024-06-05 04:32:04', '2024-06-05 04:32:04'),
(3529, 35, 'KABUPATEN SUMENEP', '2024-06-05 04:32:04', '2024-06-05 04:32:04'),
(3571, 35, 'KOTA KEDIRI', '2024-06-05 04:32:04', '2024-06-05 04:32:04'),
(3572, 35, 'KOTA BLITAR', '2024-06-05 04:32:04', '2024-06-05 04:32:04'),
(3573, 35, 'KOTA MALANG', '2024-06-05 04:32:04', '2024-06-05 04:32:04'),
(3574, 35, 'KOTA PROBOLINGGO', '2024-06-05 04:32:04', '2024-06-05 04:32:04'),
(3575, 35, 'KOTA PASURUAN', '2024-06-05 04:32:04', '2024-06-05 04:32:04'),
(3576, 35, 'KOTA MOJOKERTO', '2024-06-05 04:32:04', '2024-06-05 04:32:04'),
(3577, 35, 'KOTA MADIUN', '2024-06-05 04:32:04', '2024-06-05 04:32:04'),
(3578, 35, 'KOTA SURABAYA', '2024-06-05 04:32:04', '2024-06-05 04:32:04'),
(3579, 35, 'KOTA BATU', '2024-06-05 04:32:04', '2024-06-05 04:32:04'),
(3601, 36, 'KABUPATEN PANDEGLANG', '2024-06-05 04:32:04', '2024-06-05 04:32:04'),
(3602, 36, 'KABUPATEN LEBAK', '2024-06-05 04:32:04', '2024-06-05 04:32:04'),
(3603, 36, 'KABUPATEN TANGERANG', '2024-06-05 04:32:04', '2024-06-05 04:32:04'),
(3604, 36, 'KABUPATEN SERANG', '2024-06-05 04:32:04', '2024-06-05 04:32:04'),
(3671, 36, 'KOTA TANGERANG', '2024-06-05 04:32:04', '2024-06-05 04:32:04'),
(3672, 36, 'KOTA CILEGON', '2024-06-05 04:32:04', '2024-06-05 04:32:04'),
(3673, 36, 'KOTA SERANG', '2024-06-05 04:32:04', '2024-06-05 04:32:04'),
(3674, 36, 'KOTA TANGERANG SELATAN', '2024-06-05 04:32:04', '2024-06-05 04:32:04'),
(5101, 51, 'KABUPATEN JEMBRANA', '2024-06-05 04:32:04', '2024-06-05 04:32:04'),
(5102, 51, 'KABUPATEN TABANAN', '2024-06-05 04:32:04', '2024-06-05 04:32:04'),
(5103, 51, 'KABUPATEN BADUNG', '2024-06-05 04:32:04', '2024-06-05 04:32:04'),
(5104, 51, 'KABUPATEN GIANYAR', '2024-06-05 04:32:04', '2024-06-05 04:32:04'),
(5105, 51, 'KABUPATEN KLUNGKUNG', '2024-06-05 04:32:04', '2024-06-05 04:32:04'),
(5106, 51, 'KABUPATEN BANGLI', '2024-06-05 04:32:04', '2024-06-05 04:32:04'),
(5107, 51, 'KABUPATEN KARANG ASEM', '2024-06-05 04:32:04', '2024-06-05 04:32:04'),
(5108, 51, 'KABUPATEN BULELENG', '2024-06-05 04:32:04', '2024-06-05 04:32:04'),
(5171, 51, 'KOTA DENPASAR', '2024-06-05 04:32:04', '2024-06-05 04:32:04'),
(5201, 52, 'KABUPATEN LOMBOK BARAT', '2024-06-05 04:32:04', '2024-06-05 04:32:04'),
(5202, 52, 'KABUPATEN LOMBOK TENGAH', '2024-06-05 04:32:04', '2024-06-05 04:32:04'),
(5203, 52, 'KABUPATEN LOMBOK TIMUR', '2024-06-05 04:32:04', '2024-06-05 04:32:04'),
(5204, 52, 'KABUPATEN SUMBAWA', '2024-06-05 04:32:04', '2024-06-05 04:32:04'),
(5205, 52, 'KABUPATEN DOMPU', '2024-06-05 04:32:04', '2024-06-05 04:32:04'),
(5206, 52, 'KABUPATEN BIMA', '2024-06-05 04:32:04', '2024-06-05 04:32:04'),
(5207, 52, 'KABUPATEN SUMBAWA BARAT', '2024-06-05 04:32:04', '2024-06-05 04:32:04'),
(5208, 52, 'KABUPATEN LOMBOK UTARA', '2024-06-05 04:32:04', '2024-06-05 04:32:04'),
(5271, 52, 'KOTA MATARAM', '2024-06-05 04:32:04', '2024-06-05 04:32:04'),
(5272, 52, 'KOTA BIMA', '2024-06-05 04:32:04', '2024-06-05 04:32:04'),
(5301, 53, 'KABUPATEN SUMBA BARAT', '2024-06-05 04:32:04', '2024-06-05 04:32:04'),
(5302, 53, 'KABUPATEN SUMBA TIMUR', '2024-06-05 04:32:04', '2024-06-05 04:32:04'),
(5303, 53, 'KABUPATEN KUPANG', '2024-06-05 04:32:04', '2024-06-05 04:32:04'),
(5304, 53, 'KABUPATEN TIMOR TENGAH SELATAN', '2024-06-05 04:32:04', '2024-06-05 04:32:04'),
(5305, 53, 'KABUPATEN TIMOR TENGAH UTARA', '2024-06-05 04:32:04', '2024-06-05 04:32:04'),
(5306, 53, 'KABUPATEN BELU', '2024-06-05 04:32:04', '2024-06-05 04:32:04'),
(5307, 53, 'KABUPATEN ALOR', '2024-06-05 04:32:04', '2024-06-05 04:32:04'),
(5308, 53, 'KABUPATEN LEMBATA', '2024-06-05 04:32:04', '2024-06-05 04:32:04'),
(5309, 53, 'KABUPATEN FLORES TIMUR', '2024-06-05 04:32:04', '2024-06-05 04:32:04'),
(5310, 53, 'KABUPATEN SIKKA', '2024-06-05 04:32:04', '2024-06-05 04:32:04'),
(5311, 53, 'KABUPATEN ENDE', '2024-06-05 04:32:04', '2024-06-05 04:32:04'),
(5312, 53, 'KABUPATEN NGADA', '2024-06-05 04:32:04', '2024-06-05 04:32:04'),
(5313, 53, 'KABUPATEN MANGGARAI', '2024-06-05 04:32:04', '2024-06-05 04:32:04'),
(5314, 53, 'KABUPATEN ROTE NDAO', '2024-06-05 04:32:04', '2024-06-05 04:32:04'),
(5315, 53, 'KABUPATEN MANGGARAI BARAT', '2024-06-05 04:32:04', '2024-06-05 04:32:04'),
(5316, 53, 'KABUPATEN SUMBA TENGAH', '2024-06-05 04:32:04', '2024-06-05 04:32:04'),
(5317, 53, 'KABUPATEN SUMBA BARAT DAYA', '2024-06-05 04:32:04', '2024-06-05 04:32:04'),
(5318, 53, 'KABUPATEN NAGEKEO', '2024-06-05 04:32:04', '2024-06-05 04:32:04'),
(5319, 53, 'KABUPATEN MANGGARAI TIMUR', '2024-06-05 04:32:04', '2024-06-05 04:32:04'),
(5320, 53, 'KABUPATEN SABU RAIJUA', '2024-06-05 04:32:04', '2024-06-05 04:32:04'),
(5321, 53, 'KABUPATEN MALAKA', '2024-06-05 04:32:04', '2024-06-05 04:32:04'),
(5371, 53, 'KOTA KUPANG', '2024-06-05 04:32:04', '2024-06-05 04:32:04'),
(6101, 61, 'KABUPATEN SAMBAS', '2024-06-05 04:32:04', '2024-06-05 04:32:04'),
(6102, 61, 'KABUPATEN BENGKAYANG', '2024-06-05 04:32:04', '2024-06-05 04:32:04'),
(6103, 61, 'KABUPATEN LANDAK', '2024-06-05 04:32:04', '2024-06-05 04:32:04'),
(6104, 61, 'KABUPATEN MEMPAWAH', '2024-06-05 04:32:04', '2024-06-05 04:32:04'),
(6105, 61, 'KABUPATEN SANGGAU', '2024-06-05 04:32:04', '2024-06-05 04:32:04'),
(6106, 61, 'KABUPATEN KETAPANG', '2024-06-05 04:32:04', '2024-06-05 04:32:04'),
(6107, 61, 'KABUPATEN SINTANG', '2024-06-05 04:32:04', '2024-06-05 04:32:04'),
(6108, 61, 'KABUPATEN KAPUAS HULU', '2024-06-05 04:32:04', '2024-06-05 04:32:04'),
(6109, 61, 'KABUPATEN SEKADAU', '2024-06-05 04:32:04', '2024-06-05 04:32:04'),
(6110, 61, 'KABUPATEN MELAWI', '2024-06-05 04:32:04', '2024-06-05 04:32:04'),
(6111, 61, 'KABUPATEN KAYONG UTARA', '2024-06-05 04:32:04', '2024-06-05 04:32:04'),
(6112, 61, 'KABUPATEN KUBU RAYA', '2024-06-05 04:32:04', '2024-06-05 04:32:04'),
(6171, 61, 'KOTA PONTIANAK', '2024-06-05 04:32:04', '2024-06-05 04:32:04'),
(6172, 61, 'KOTA SINGKAWANG', '2024-06-05 04:32:04', '2024-06-05 04:32:04'),
(6201, 62, 'KABUPATEN KOTAWARINGIN BARAT', '2024-06-05 04:32:04', '2024-06-05 04:32:04'),
(6202, 62, 'KABUPATEN KOTAWARINGIN TIMUR', '2024-06-05 04:32:04', '2024-06-05 04:32:04'),
(6203, 62, 'KABUPATEN KAPUAS', '2024-06-05 04:32:04', '2024-06-05 04:32:04'),
(6204, 62, 'KABUPATEN BARITO SELATAN', '2024-06-05 04:32:04', '2024-06-05 04:32:04'),
(6205, 62, 'KABUPATEN BARITO UTARA', '2024-06-05 04:32:04', '2024-06-05 04:32:04'),
(6206, 62, 'KABUPATEN SUKAMARA', '2024-06-05 04:32:04', '2024-06-05 04:32:04'),
(6207, 62, 'KABUPATEN LAMANDAU', '2024-06-05 04:32:04', '2024-06-05 04:32:04'),
(6208, 62, 'KABUPATEN SERUYAN', '2024-06-05 04:32:04', '2024-06-05 04:32:04'),
(6209, 62, 'KABUPATEN KATINGAN', '2024-06-05 04:32:04', '2024-06-05 04:32:04'),
(6210, 62, 'KABUPATEN PULANG PISAU', '2024-06-05 04:32:04', '2024-06-05 04:32:04'),
(6211, 62, 'KABUPATEN GUNUNG MAS', '2024-06-05 04:32:04', '2024-06-05 04:32:04'),
(6212, 62, 'KABUPATEN BARITO TIMUR', '2024-06-05 04:32:04', '2024-06-05 04:32:04'),
(6213, 62, 'KABUPATEN MURUNG RAYA', '2024-06-05 04:32:04', '2024-06-05 04:32:04'),
(6271, 62, 'KOTA PALANGKA RAYA', '2024-06-05 04:32:04', '2024-06-05 04:32:04'),
(6301, 63, 'KABUPATEN TANAH LAUT', '2024-06-05 04:32:04', '2024-06-05 04:32:04'),
(6302, 63, 'KABUPATEN KOTA BARU', '2024-06-05 04:32:04', '2024-06-05 04:32:04'),
(6303, 63, 'KABUPATEN BANJAR', '2024-06-05 04:32:04', '2024-06-05 04:32:04'),
(6304, 63, 'KABUPATEN BARITO KUALA', '2024-06-05 04:32:04', '2024-06-05 04:32:04'),
(6305, 63, 'KABUPATEN TAPIN', '2024-06-05 04:32:04', '2024-06-05 04:32:04'),
(6306, 63, 'KABUPATEN HULU SUNGAI SELATAN', '2024-06-05 04:32:04', '2024-06-05 04:32:04'),
(6307, 63, 'KABUPATEN HULU SUNGAI TENGAH', '2024-06-05 04:32:04', '2024-06-05 04:32:04'),
(6308, 63, 'KABUPATEN HULU SUNGAI UTARA', '2024-06-05 04:32:04', '2024-06-05 04:32:04'),
(6309, 63, 'KABUPATEN TABALONG', '2024-06-05 04:32:04', '2024-06-05 04:32:04'),
(6310, 63, 'KABUPATEN TANAH BUMBU', '2024-06-05 04:32:04', '2024-06-05 04:32:04'),
(6311, 63, 'KABUPATEN BALANGAN', '2024-06-05 04:32:04', '2024-06-05 04:32:04'),
(6371, 63, 'KOTA BANJARMASIN', '2024-06-05 04:32:04', '2024-06-05 04:32:04'),
(6372, 63, 'KOTA BANJAR BARU', '2024-06-05 04:32:04', '2024-06-05 04:32:04'),
(6401, 64, 'KABUPATEN PASER', '2024-06-05 04:32:04', '2024-06-05 04:32:04'),
(6402, 64, 'KABUPATEN KUTAI BARAT', '2024-06-05 04:32:04', '2024-06-05 04:32:04'),
(6403, 64, 'KABUPATEN KUTAI KARTANEGARA', '2024-06-05 04:32:04', '2024-06-05 04:32:04'),
(6404, 64, 'KABUPATEN KUTAI TIMUR', '2024-06-05 04:32:04', '2024-06-05 04:32:04'),
(6405, 64, 'KABUPATEN BERAU', '2024-06-05 04:32:04', '2024-06-05 04:32:04'),
(6409, 64, 'KABUPATEN PENAJAM PASER UTARA', '2024-06-05 04:32:04', '2024-06-05 04:32:04'),
(6411, 64, 'KABUPATEN MAHAKAM HULU', '2024-06-05 04:32:04', '2024-06-05 04:32:04'),
(6471, 64, 'KOTA BALIKPAPAN', '2024-06-05 04:32:04', '2024-06-05 04:32:04'),
(6472, 64, 'KOTA SAMARINDA', '2024-06-05 04:32:04', '2024-06-05 04:32:04'),
(6474, 64, 'KOTA BONTANG', '2024-06-05 04:32:04', '2024-06-05 04:32:04'),
(6501, 65, 'KABUPATEN MALINAU', '2024-06-05 04:32:04', '2024-06-05 04:32:04'),
(6502, 65, 'KABUPATEN BULUNGAN', '2024-06-05 04:32:04', '2024-06-05 04:32:04'),
(6503, 65, 'KABUPATEN TANA TIDUNG', '2024-06-05 04:32:04', '2024-06-05 04:32:04'),
(6504, 65, 'KABUPATEN NUNUKAN', '2024-06-05 04:32:04', '2024-06-05 04:32:04'),
(6571, 65, 'KOTA TARAKAN', '2024-06-05 04:32:04', '2024-06-05 04:32:04'),
(7101, 71, 'KABUPATEN BOLAANG MONGONDOW', '2024-06-05 04:32:04', '2024-06-05 04:32:04'),
(7102, 71, 'KABUPATEN MINAHASA', '2024-06-05 04:32:04', '2024-06-05 04:32:04'),
(7103, 71, 'KABUPATEN KEPULAUAN SANGIHE', '2024-06-05 04:32:04', '2024-06-05 04:32:04'),
(7104, 71, 'KABUPATEN KEPULAUAN TALAUD', '2024-06-05 04:32:04', '2024-06-05 04:32:04'),
(7105, 71, 'KABUPATEN MINAHASA SELATAN', '2024-06-05 04:32:04', '2024-06-05 04:32:04'),
(7106, 71, 'KABUPATEN MINAHASA UTARA', '2024-06-05 04:32:04', '2024-06-05 04:32:04'),
(7107, 71, 'KABUPATEN BOLAANG MONGONDOW UTARA', '2024-06-05 04:32:04', '2024-06-05 04:32:04'),
(7108, 71, 'KABUPATEN SIAU TAGULANDANG BIARO', '2024-06-05 04:32:04', '2024-06-05 04:32:04'),
(7109, 71, 'KABUPATEN MINAHASA TENGGARA', '2024-06-05 04:32:04', '2024-06-05 04:32:04'),
(7110, 71, 'KABUPATEN BOLAANG MONGONDOW SELATAN', '2024-06-05 04:32:04', '2024-06-05 04:32:04'),
(7111, 71, 'KABUPATEN BOLAANG MONGONDOW TIMUR', '2024-06-05 04:32:04', '2024-06-05 04:32:04'),
(7171, 71, 'KOTA MANADO', '2024-06-05 04:32:04', '2024-06-05 04:32:04'),
(7172, 71, 'KOTA BITUNG', '2024-06-05 04:32:04', '2024-06-05 04:32:04'),
(7173, 71, 'KOTA TOMOHON', '2024-06-05 04:32:04', '2024-06-05 04:32:04'),
(7174, 71, 'KOTA KOTAMOBAGU', '2024-06-05 04:32:04', '2024-06-05 04:32:04'),
(7201, 72, 'KABUPATEN BANGGAI KEPULAUAN', '2024-06-05 04:32:04', '2024-06-05 04:32:04'),
(7202, 72, 'KABUPATEN BANGGAI', '2024-06-05 04:32:04', '2024-06-05 04:32:04'),
(7203, 72, 'KABUPATEN MOROWALI', '2024-06-05 04:32:04', '2024-06-05 04:32:04'),
(7204, 72, 'KABUPATEN POSO', '2024-06-05 04:32:04', '2024-06-05 04:32:04'),
(7205, 72, 'KABUPATEN DONGGALA', '2024-06-05 04:32:04', '2024-06-05 04:32:04'),
(7206, 72, 'KABUPATEN TOLI-TOLI', '2024-06-05 04:32:04', '2024-06-05 04:32:04'),
(7207, 72, 'KABUPATEN BUOL', '2024-06-05 04:32:04', '2024-06-05 04:32:04'),
(7208, 72, 'KABUPATEN PARIGI MOUTONG', '2024-06-05 04:32:04', '2024-06-05 04:32:04'),
(7209, 72, 'KABUPATEN TOJO UNA-UNA', '2024-06-05 04:32:04', '2024-06-05 04:32:04'),
(7210, 72, 'KABUPATEN SIGI', '2024-06-05 04:32:04', '2024-06-05 04:32:04'),
(7211, 72, 'KABUPATEN BANGGAI LAUT', '2024-06-05 04:32:04', '2024-06-05 04:32:04'),
(7212, 72, 'KABUPATEN MOROWALI UTARA', '2024-06-05 04:32:04', '2024-06-05 04:32:04'),
(7271, 72, 'KOTA PALU', '2024-06-05 04:32:04', '2024-06-05 04:32:04'),
(7301, 73, 'KABUPATEN KEPULAUAN SELAYAR', '2024-06-05 04:32:04', '2024-06-05 04:32:04'),
(7302, 73, 'KABUPATEN BULUKUMBA', '2024-06-05 04:32:04', '2024-06-05 04:32:04'),
(7303, 73, 'KABUPATEN BANTAENG', '2024-06-05 04:32:04', '2024-06-05 04:32:04'),
(7304, 73, 'KABUPATEN JENEPONTO', '2024-06-05 04:32:04', '2024-06-05 04:32:04'),
(7305, 73, 'KABUPATEN TAKALAR', '2024-06-05 04:32:04', '2024-06-05 04:32:04'),
(7306, 73, 'KABUPATEN GOWA', '2024-06-05 04:32:04', '2024-06-05 04:32:04'),
(7307, 73, 'KABUPATEN SINJAI', '2024-06-05 04:32:04', '2024-06-05 04:32:04'),
(7308, 73, 'KABUPATEN MAROS', '2024-06-05 04:32:04', '2024-06-05 04:32:04'),
(7309, 73, 'KABUPATEN PANGKAJENE DAN KEPULAUAN', '2024-06-05 04:32:04', '2024-06-05 04:32:04'),
(7310, 73, 'KABUPATEN BARRU', '2024-06-05 04:32:04', '2024-06-05 04:32:04'),
(7311, 73, 'KABUPATEN BONE', '2024-06-05 04:32:04', '2024-06-05 04:32:04'),
(7312, 73, 'KABUPATEN SOPPENG', '2024-06-05 04:32:04', '2024-06-05 04:32:04'),
(7313, 73, 'KABUPATEN WAJO', '2024-06-05 04:32:04', '2024-06-05 04:32:04'),
(7314, 73, 'KABUPATEN SIDENRENG RAPPANG', '2024-06-05 04:32:04', '2024-06-05 04:32:04'),
(7315, 73, 'KABUPATEN PINRANG', '2024-06-05 04:32:04', '2024-06-05 04:32:04'),
(7316, 73, 'KABUPATEN ENREKANG', '2024-06-05 04:32:04', '2024-06-05 04:32:04'),
(7317, 73, 'KABUPATEN LUWU', '2024-06-05 04:32:04', '2024-06-05 04:32:04'),
(7318, 73, 'KABUPATEN TANA TORAJA', '2024-06-05 04:32:04', '2024-06-05 04:32:04'),
(7322, 73, 'KABUPATEN LUWU UTARA', '2024-06-05 04:32:04', '2024-06-05 04:32:04'),
(7325, 73, 'KABUPATEN LUWU TIMUR', '2024-06-05 04:32:04', '2024-06-05 04:32:04'),
(7326, 73, 'KABUPATEN TORAJA UTARA', '2024-06-05 04:32:04', '2024-06-05 04:32:04'),
(7371, 73, 'KOTA MAKASSAR', '2024-06-05 04:32:04', '2024-06-05 04:32:04'),
(7372, 73, 'KOTA PAREPARE', '2024-06-05 04:32:04', '2024-06-05 04:32:04'),
(7373, 73, 'KOTA PALOPO', '2024-06-05 04:32:04', '2024-06-05 04:32:04'),
(7401, 74, 'KABUPATEN BUTON', '2024-06-05 04:32:04', '2024-06-05 04:32:04'),
(7402, 74, 'KABUPATEN MUNA', '2024-06-05 04:32:04', '2024-06-05 04:32:04'),
(7403, 74, 'KABUPATEN KONAWE', '2024-06-05 04:32:04', '2024-06-05 04:32:04'),
(7404, 74, 'KABUPATEN KOLAKA', '2024-06-05 04:32:04', '2024-06-05 04:32:04'),
(7405, 74, 'KABUPATEN KONAWE SELATAN', '2024-06-05 04:32:04', '2024-06-05 04:32:04'),
(7406, 74, 'KABUPATEN BOMBANA', '2024-06-05 04:32:04', '2024-06-05 04:32:04'),
(7407, 74, 'KABUPATEN WAKATOBI', '2024-06-05 04:32:04', '2024-06-05 04:32:04'),
(7408, 74, 'KABUPATEN KOLAKA UTARA', '2024-06-05 04:32:04', '2024-06-05 04:32:04'),
(7409, 74, 'KABUPATEN BUTON UTARA', '2024-06-05 04:32:04', '2024-06-05 04:32:04'),
(7410, 74, 'KABUPATEN KONAWE UTARA', '2024-06-05 04:32:04', '2024-06-05 04:32:04'),
(7411, 74, 'KABUPATEN KOLAKA TIMUR', '2024-06-05 04:32:04', '2024-06-05 04:32:04'),
(7412, 74, 'KABUPATEN KONAWE KEPULAUAN', '2024-06-05 04:32:04', '2024-06-05 04:32:04'),
(7413, 74, 'KABUPATEN MUNA BARAT', '2024-06-05 04:32:04', '2024-06-05 04:32:04'),
(7414, 74, 'KABUPATEN BUTON TENGAH', '2024-06-05 04:32:04', '2024-06-05 04:32:04'),
(7415, 74, 'KABUPATEN BUTON SELATAN', '2024-06-05 04:32:04', '2024-06-05 04:32:04'),
(7471, 74, 'KOTA KENDARI', '2024-06-05 04:32:04', '2024-06-05 04:32:04'),
(7472, 74, 'KOTA BAUBAU', '2024-06-05 04:32:04', '2024-06-05 04:32:04'),
(7501, 75, 'KABUPATEN BOALEMO', '2024-06-05 04:32:04', '2024-06-05 04:32:04'),
(7502, 75, 'KABUPATEN GORONTALO', '2024-06-05 04:32:04', '2024-06-05 04:32:04'),
(7503, 75, 'KABUPATEN POHUWATO', '2024-06-05 04:32:04', '2024-06-05 04:32:04'),
(7504, 75, 'KABUPATEN BONE BOLANGO', '2024-06-05 04:32:04', '2024-06-05 04:32:04'),
(7505, 75, 'KABUPATEN GORONTALO UTARA', '2024-06-05 04:32:04', '2024-06-05 04:32:04'),
(7571, 75, 'KOTA GORONTALO', '2024-06-05 04:32:04', '2024-06-05 04:32:04'),
(7601, 76, 'KABUPATEN MAJENE', '2024-06-05 04:32:04', '2024-06-05 04:32:04'),
(7602, 76, 'KABUPATEN POLEWALI MANDAR', '2024-06-05 04:32:04', '2024-06-05 04:32:04'),
(7603, 76, 'KABUPATEN MAMASA', '2024-06-05 04:32:04', '2024-06-05 04:32:04'),
(7604, 76, 'KABUPATEN MAMUJU', '2024-06-05 04:32:04', '2024-06-05 04:32:04'),
(7605, 76, 'KABUPATEN MAMUJU UTARA', '2024-06-05 04:32:04', '2024-06-05 04:32:04'),
(7606, 76, 'KABUPATEN MAMUJU TENGAH', '2024-06-05 04:32:04', '2024-06-05 04:32:04'),
(8101, 81, 'KABUPATEN MALUKU TENGGARA BARAT', '2024-06-05 04:32:04', '2024-06-05 04:32:04'),
(8102, 81, 'KABUPATEN MALUKU TENGGARA', '2024-06-05 04:32:04', '2024-06-05 04:32:04'),
(8103, 81, 'KABUPATEN MALUKU TENGAH', '2024-06-05 04:32:04', '2024-06-05 04:32:04'),
(8104, 81, 'KABUPATEN BURU', '2024-06-05 04:32:04', '2024-06-05 04:32:04'),
(8105, 81, 'KABUPATEN KEPULAUAN ARU', '2024-06-05 04:32:04', '2024-06-05 04:32:04'),
(8106, 81, 'KABUPATEN SERAM BAGIAN BARAT', '2024-06-05 04:32:04', '2024-06-05 04:32:04'),
(8107, 81, 'KABUPATEN SERAM BAGIAN TIMUR', '2024-06-05 04:32:04', '2024-06-05 04:32:04'),
(8108, 81, 'KABUPATEN MALUKU BARAT DAYA', '2024-06-05 04:32:04', '2024-06-05 04:32:04'),
(8109, 81, 'KABUPATEN BURU SELATAN', '2024-06-05 04:32:04', '2024-06-05 04:32:04'),
(8171, 81, 'KOTA AMBON', '2024-06-05 04:32:04', '2024-06-05 04:32:04'),
(8172, 81, 'KOTA TUAL', '2024-06-05 04:32:04', '2024-06-05 04:32:04'),
(8201, 82, 'KABUPATEN HALMAHERA BARAT', '2024-06-05 04:32:04', '2024-06-05 04:32:04'),
(8202, 82, 'KABUPATEN HALMAHERA TENGAH', '2024-06-05 04:32:04', '2024-06-05 04:32:04'),
(8203, 82, 'KABUPATEN KEPULAUAN SULA', '2024-06-05 04:32:04', '2024-06-05 04:32:04'),
(8204, 82, 'KABUPATEN HALMAHERA SELATAN', '2024-06-05 04:32:04', '2024-06-05 04:32:04'),
(8205, 82, 'KABUPATEN HALMAHERA UTARA', '2024-06-05 04:32:04', '2024-06-05 04:32:04'),
(8206, 82, 'KABUPATEN HALMAHERA TIMUR', '2024-06-05 04:32:04', '2024-06-05 04:32:04'),
(8207, 82, 'KABUPATEN PULAU MOROTAI', '2024-06-05 04:32:04', '2024-06-05 04:32:04'),
(8208, 82, 'KABUPATEN PULAU TALIABU', '2024-06-05 04:32:04', '2024-06-05 04:32:04'),
(8271, 82, 'KOTA TERNATE', '2024-06-05 04:32:04', '2024-06-05 04:32:04'),
(8272, 82, 'KOTA TIDORE KEPULAUAN', '2024-06-05 04:32:04', '2024-06-05 04:32:04'),
(9101, 91, 'KABUPATEN FAKFAK', '2024-06-05 04:32:04', '2024-06-05 04:32:04'),
(9102, 91, 'KABUPATEN KAIMANA', '2024-06-05 04:32:04', '2024-06-05 04:32:04'),
(9103, 91, 'KABUPATEN TELUK WONDAMA', '2024-06-05 04:32:04', '2024-06-05 04:32:04'),
(9104, 91, 'KABUPATEN TELUK BINTUNI', '2024-06-05 04:32:04', '2024-06-05 04:32:04'),
(9105, 91, 'KABUPATEN MANOKWARI', '2024-06-05 04:32:04', '2024-06-05 04:32:04'),
(9106, 91, 'KABUPATEN SORONG SELATAN', '2024-06-05 04:32:04', '2024-06-05 04:32:04'),
(9107, 91, 'KABUPATEN SORONG', '2024-06-05 04:32:04', '2024-06-05 04:32:04'),
(9108, 91, 'KABUPATEN RAJA AMPAT', '2024-06-05 04:32:04', '2024-06-05 04:32:04'),
(9109, 91, 'KABUPATEN TAMBRAUW', '2024-06-05 04:32:04', '2024-06-05 04:32:04'),
(9110, 91, 'KABUPATEN MAYBRAT', '2024-06-05 04:32:04', '2024-06-05 04:32:04'),
(9111, 91, 'KABUPATEN MANOKWARI SELATAN', '2024-06-05 04:32:04', '2024-06-05 04:32:04'),
(9112, 91, 'KABUPATEN PEGUNUNGAN ARFAK', '2024-06-05 04:32:04', '2024-06-05 04:32:04'),
(9171, 91, 'KOTA SORONG', '2024-06-05 04:32:04', '2024-06-05 04:32:04'),
(9401, 94, 'KABUPATEN MERAUKE', '2024-06-05 04:32:04', '2024-06-05 04:32:04'),
(9402, 94, 'KABUPATEN JAYAWIJAYA', '2024-06-05 04:32:04', '2024-06-05 04:32:04'),
(9403, 94, 'KABUPATEN JAYAPURA', '2024-06-05 04:32:04', '2024-06-05 04:32:04'),
(9404, 94, 'KABUPATEN NABIRE', '2024-06-05 04:32:04', '2024-06-05 04:32:04'),
(9408, 94, 'KABUPATEN KEPULAUAN YAPEN', '2024-06-05 04:32:04', '2024-06-05 04:32:04'),
(9409, 94, 'KABUPATEN BIAK NUMFOR', '2024-06-05 04:32:04', '2024-06-05 04:32:04'),
(9410, 94, 'KABUPATEN PANIAI', '2024-06-05 04:32:04', '2024-06-05 04:32:04'),
(9411, 94, 'KABUPATEN PUNCAK JAYA', '2024-06-05 04:32:04', '2024-06-05 04:32:04'),
(9412, 94, 'KABUPATEN MIMIKA', '2024-06-05 04:32:04', '2024-06-05 04:32:04'),
(9413, 94, 'KABUPATEN BOVEN DIGOEL', '2024-06-05 04:32:04', '2024-06-05 04:32:04'),
(9414, 94, 'KABUPATEN MAPPI', '2024-06-05 04:32:04', '2024-06-05 04:32:04'),
(9415, 94, 'KABUPATEN ASMAT', '2024-06-05 04:32:04', '2024-06-05 04:32:04'),
(9416, 94, 'KABUPATEN YAHUKIMO', '2024-06-05 04:32:04', '2024-06-05 04:32:04'),
(9417, 94, 'KABUPATEN PEGUNUNGAN BINTANG', '2024-06-05 04:32:04', '2024-06-05 04:32:04'),
(9418, 94, 'KABUPATEN TOLIKARA', '2024-06-05 04:32:04', '2024-06-05 04:32:04'),
(9419, 94, 'KABUPATEN SARMI', '2024-06-05 04:32:04', '2024-06-05 04:32:04'),
(9420, 94, 'KABUPATEN KEEROM', '2024-06-05 04:32:04', '2024-06-05 04:32:04'),
(9426, 94, 'KABUPATEN WAROPEN', '2024-06-05 04:32:04', '2024-06-05 04:32:04'),
(9427, 94, 'KABUPATEN SUPIORI', '2024-06-05 04:32:04', '2024-06-05 04:32:04'),
(9428, 94, 'KABUPATEN MAMBERAMO RAYA', '2024-06-05 04:32:04', '2024-06-05 04:32:04'),
(9429, 94, 'KABUPATEN NDUGA', '2024-06-05 04:32:04', '2024-06-05 04:32:04'),
(9430, 94, 'KABUPATEN LANNY JAYA', '2024-06-05 04:32:04', '2024-06-05 04:32:04'),
(9431, 94, 'KABUPATEN MAMBERAMO TENGAH', '2024-06-05 04:32:04', '2024-06-05 04:32:04'),
(9432, 94, 'KABUPATEN YALIMO', '2024-06-05 04:32:04', '2024-06-05 04:32:04'),
(9433, 94, 'KABUPATEN PUNCAK', '2024-06-05 04:32:04', '2024-06-05 04:32:04'),
(9434, 94, 'KABUPATEN DOGIYAI', '2024-06-05 04:32:04', '2024-06-05 04:32:04'),
(9435, 94, 'KABUPATEN INTAN JAYA', '2024-06-05 04:32:04', '2024-06-05 04:32:04'),
(9436, 94, 'KABUPATEN DEIYAI', '2024-06-05 04:32:04', '2024-06-05 04:32:04'),
(9471, 94, 'KOTA JAYAPURA', '2024-06-05 04:32:04', '2024-06-05 04:32:04');

-- --------------------------------------------------------

--
-- Table structure for table `kartu_keluarga`
--

CREATE TABLE `kartu_keluarga` (
  `id` bigint(20) UNSIGNED NOT NULL,
  `nokk` varchar(255) NOT NULL,
  `foto_kk` varchar(255) NOT NULL,
  `created_at` timestamp NULL DEFAULT NULL,
  `updated_at` timestamp NULL DEFAULT NULL
) ENGINE=InnoDB DEFAULT CHARSET=utf8mb4 COLLATE=utf8mb4_unicode_ci;

--
-- Dumping data for table `kartu_keluarga`
--

INSERT INTO `kartu_keluarga` (`id`, `nokk`, `foto_kk`, `created_at`, `updated_at`) VALUES
(2, '0987654321', 'kk dummy.png', '2024-06-04 19:27:24', '2024-06-04 19:28:00');

-- --------------------------------------------------------

--
-- Table structure for table `kecamatan`
--

CREATE TABLE `kecamatan` (
  `id` bigint(20) UNSIGNED NOT NULL,
  `id_kabupaten` int(11) NOT NULL,
  `nama_kecamatan` varchar(255) NOT NULL,
  `created_at` timestamp NULL DEFAULT NULL,
  `updated_at` timestamp NULL DEFAULT NULL
) ENGINE=InnoDB DEFAULT CHARSET=utf8mb4 COLLATE=utf8mb4_unicode_ci;

--
-- Dumping data for table `kecamatan`
--

INSERT INTO `kecamatan` (`id`, `id_kabupaten`, `nama_kecamatan`, `created_at`, `updated_at`) VALUES
(1, 1371, 'Padang Timur', '2024-06-05 04:32:26', '2024-06-05 04:32:26');

-- --------------------------------------------------------

--
-- Table structure for table `kelurahan`
--

CREATE TABLE `kelurahan` (
  `id` bigint(20) UNSIGNED NOT NULL,
  `id_kecamatan` int(11) NOT NULL,
  `nama_kelurahan` varchar(255) NOT NULL,
  `created_at` timestamp NULL DEFAULT NULL,
  `updated_at` timestamp NULL DEFAULT NULL
) ENGINE=InnoDB DEFAULT CHARSET=utf8mb4 COLLATE=utf8mb4_unicode_ci;

--
-- Dumping data for table `kelurahan`
--

INSERT INTO `kelurahan` (`id`, `id_kecamatan`, `nama_kelurahan`, `created_at`, `updated_at`) VALUES
(1, 1, 'Kubu Marapalam', '2024-06-05 04:32:39', '2024-06-05 04:32:39');

-- --------------------------------------------------------

--
-- Table structure for table `migrations`
--

CREATE TABLE `migrations` (
  `id` int(10) UNSIGNED NOT NULL,
  `migration` varchar(255) NOT NULL,
  `batch` int(11) NOT NULL
) ENGINE=InnoDB DEFAULT CHARSET=utf8mb4 COLLATE=utf8mb4_unicode_ci;

--
-- Dumping data for table `migrations`
--

INSERT INTO `migrations` (`id`, `migration`, `batch`) VALUES
(1, '0001_01_01_000000_create_users_table', 1),
(2, '0001_01_01_000001_create_cache_table', 1),
(3, '0001_01_01_000002_create_jobs_table', 1),
(4, '2024_06_03_044225_create_kabupatens_table', 1),
(5, '2024_06_03_044239_create_provinsis_table', 1),
(6, '2024_06_03_044848_create_kecamatans_table', 1),
(7, '2024_06_03_083504_create_penduduks_table', 1),
(8, '2024_06_04_045341_create_sektors_table', 1),
(9, '2024_06_04_053908_create_kelurahans_table', 1),
(10, '2024_06_04_054043_create_pekerjaans_table', 1),
(11, '2024_06_04_075956_create_kartu_keluargas_table', 1),
(12, '2024_06_05_013405_create_kartu_keluargas_table', 2);

-- --------------------------------------------------------

--
-- Table structure for table `password_reset_tokens`
--

CREATE TABLE `password_reset_tokens` (
  `email` varchar(255) NOT NULL,
  `token` varchar(255) NOT NULL,
  `created_at` timestamp NULL DEFAULT NULL
) ENGINE=InnoDB DEFAULT CHARSET=utf8mb4 COLLATE=utf8mb4_unicode_ci;

-- --------------------------------------------------------

--
-- Table structure for table `pekerjaan`
--

CREATE TABLE `pekerjaan` (
  `id` bigint(20) UNSIGNED NOT NULL,
  `nama_pekerjaan` varchar(255) NOT NULL,
  `id_sektor` int(11) NOT NULL,
  `created_at` timestamp NULL DEFAULT NULL,
  `updated_at` timestamp NULL DEFAULT NULL
) ENGINE=InnoDB DEFAULT CHARSET=utf8mb4 COLLATE=utf8mb4_unicode_ci;

--
-- Dumping data for table `pekerjaan`
--

INSERT INTO `pekerjaan` (`id`, `nama_pekerjaan`, `id_sektor`, `created_at`, `updated_at`) VALUES
(1, 'Dokter', 1, '2024-06-05 04:33:35', '2024-06-05 04:33:35'),
(2, 'Perawat', 1, '2024-06-05 04:33:35', '2024-06-05 04:33:35'),
(3, 'Guru', 2, '2024-06-05 04:33:35', '2024-06-05 04:33:35'),
(4, 'Dosen', 2, '2024-06-05 04:33:35', '2024-06-05 04:33:35'),
(5, 'Insinyur Sipil', 3, '2024-06-05 04:33:35', '2024-06-05 04:33:35'),
(6, 'Tukang Kayu', 3, '2024-06-05 04:33:35', '2024-06-05 04:33:35'),
(7, 'Pengacara', 4, '2024-06-05 04:33:35', '2024-06-05 04:33:35'),
(8, 'Hakim', 4, '2024-06-05 04:33:35', '2024-06-05 04:33:35'),
(9, 'Akuntan', 5, '2024-06-05 04:33:35', '2024-06-05 04:33:35'),
(10, 'Manajer Keuangan', 5, '2024-06-05 04:33:35', '2024-06-05 04:33:35'),
(11, 'Polisi', 6, '2024-06-05 04:33:35', '2024-06-05 04:33:35'),
(12, 'Pemadam Kebakaran', 6, '2024-06-05 04:33:35', '2024-06-05 04:33:35'),
(13, 'Petani', 7, '2024-06-05 04:33:35', '2024-06-05 04:33:35'),
(14, 'Pekerja Kebun', 7, '2024-06-05 04:33:35', '2024-06-05 04:33:35'),
(15, 'Nelayan', 8, '2024-06-05 04:33:35', '2024-06-05 04:33:35'),
(16, 'Teknisi IT', 9, '2024-06-05 04:33:35', '2024-06-05 04:33:35'),
(17, 'Software Developer', 9, '2024-06-05 04:33:35', '2024-06-05 04:33:35'),
(18, 'Manajer Pemasaran', 10, '2024-06-05 04:33:35', '2024-06-05 04:33:35'),
(19, 'Peneliti', 11, '2024-06-05 04:33:35', '2024-06-05 04:33:35'),
(20, 'Jurnalis', 12, '2024-06-05 04:33:35', '2024-06-05 04:33:35'),
(21, 'Reporter', 12, '2024-06-05 04:33:35', '2024-06-05 04:33:35'),
(22, 'Chef', 13, '2024-06-05 04:33:35', '2024-06-05 04:33:35'),
(23, 'Koki', 13, '2024-06-05 04:33:35', '2024-06-05 04:33:35'),
(24, 'Pilot', 14, '2024-06-05 04:33:35', '2024-06-05 04:33:35'),
(25, 'Pramugari', 14, '2024-06-05 04:33:35', '2024-06-05 04:33:35'),
(26, 'Sopir Truk', 14, '2024-06-05 04:33:35', '2024-06-05 04:33:35'),
(27, 'Desainer Grafis', 15, '2024-06-05 04:33:35', '2024-06-05 04:33:35'),
(28, 'Arsitek', 3, '2024-06-05 04:33:35', '2024-06-05 04:33:35'),
(29, 'Montir', 16, '2024-06-05 04:33:35', '2024-06-05 04:33:35'),
(30, 'Pengusaha', 17, '2024-06-05 04:33:35', '2024-06-05 04:33:35'),
(31, 'Pekerja Pabrik', 18, '2024-06-05 04:33:35', '2024-06-05 04:33:35');

-- --------------------------------------------------------

--
-- Table structure for table `penduduk`
--

CREATE TABLE `penduduk` (
  `id` bigint(20) UNSIGNED NOT NULL,
  `nik` varchar(255) NOT NULL,
  `nokk` varchar(255) NOT NULL,
  `nama_lengkap` varchar(255) NOT NULL,
  `tempat_lahir` varchar(255) NOT NULL,
  `tanggal_lahir` date NOT NULL,
  `jenis_kelamin` enum('Laki-laki','Perempuan') NOT NULL,
  `agama` enum('Islam','Khatolik','Protestan','Hindu','Budha','Konghucu') NOT NULL,
  `goldar` enum('A','B','O','AB','Tidak Tahu') NOT NULL,
  `pendidikan_terakhir` enum('SD','SMP','SMA','Diploma','Strata 1','Strata 2','Strata 3') NOT NULL,
  `id_pekerjaan` int(11) NOT NULL,
  `status_pernikahan` enum('Menikah','Tidak Menikah') NOT NULL,
  `id_kelurahan` int(11) NOT NULL,
  `id_kecamatan` int(11) NOT NULL,
  `id_kabupaten` int(11) NOT NULL,
  `id_provinsi` int(11) NOT NULL,
  `created_at` timestamp NULL DEFAULT NULL,
  `updated_at` timestamp NULL DEFAULT NULL
) ENGINE=InnoDB DEFAULT CHARSET=utf8mb4 COLLATE=utf8mb4_unicode_ci;

--
-- Dumping data for table `penduduk`
--

INSERT INTO `penduduk` (`id`, `nik`, `nokk`, `nama_lengkap`, `tempat_lahir`, `tanggal_lahir`, `jenis_kelamin`, `agama`, `goldar`, `pendidikan_terakhir`, `id_pekerjaan`, `status_pernikahan`, `id_kelurahan`, `id_kecamatan`, `id_kabupaten`, `id_provinsi`, `created_at`, `updated_at`) VALUES
(1, '1234567890', '0987654321', 'Aminaaaaaaa', 'Padang', '1991-01-01', 'Perempuan', 'Islam', 'B', 'Diploma', 2, 'Menikah', 1, 1, 1371, 13, '2024-06-04 07:31:27', '2024-06-04 21:09:32'),
(3, '1325436547658769870', '0987654321', 'Budi', 'Dukun Baranak', '1992-02-02', 'Laki-laki', 'Hindu', 'Tidak Tahu', 'SMA', 26, 'Tidak Menikah', 1, 1, 1371, 13, '2024-06-04 19:37:43', '2024-06-04 19:37:43');

-- --------------------------------------------------------

--
-- Table structure for table `provinsi`
--

CREATE TABLE `provinsi` (
  `id` bigint(20) UNSIGNED NOT NULL,
  `nama_provinsi` varchar(255) NOT NULL,
  `created_at` timestamp NULL DEFAULT NULL,
  `updated_at` timestamp NULL DEFAULT NULL
) ENGINE=InnoDB DEFAULT CHARSET=utf8mb4 COLLATE=utf8mb4_unicode_ci;

--
-- Dumping data for table `provinsi`
--

INSERT INTO `provinsi` (`id`, `nama_provinsi`, `created_at`, `updated_at`) VALUES
(11, 'ACEH', '2024-06-05 04:31:41', '2024-06-05 04:31:41'),
(12, 'SUMATERA UTARA', '2024-06-05 04:31:41', '2024-06-05 04:31:41'),
(13, 'SUMATERA BARAT', '2024-06-05 04:31:41', '2024-06-05 04:31:41'),
(14, 'RIAU', '2024-06-05 04:31:41', '2024-06-05 04:31:41'),
(15, 'JAMBI', '2024-06-05 04:31:41', '2024-06-05 04:31:41'),
(16, 'SUMATERA SELATAN', '2024-06-05 04:31:41', '2024-06-05 04:31:41'),
(17, 'BENGKULU', '2024-06-05 04:31:41', '2024-06-05 04:31:41'),
(18, 'LAMPUNG', '2024-06-05 04:31:41', '2024-06-05 04:31:41'),
(19, 'KEPULAUAN BANGKA BELITUNG', '2024-06-05 04:31:41', '2024-06-05 04:31:41'),
(21, 'KEPULAUAN RIAU', '2024-06-05 04:31:41', '2024-06-05 04:31:41'),
(31, 'DKI JAKARTA', '2024-06-05 04:31:41', '2024-06-05 04:31:41'),
(32, 'JAWA BARAT', '2024-06-05 04:31:41', '2024-06-05 04:31:41'),
(33, 'JAWA TENGAH', '2024-06-05 04:31:41', '2024-06-05 04:31:41'),
(34, 'DAERAH ISTIMEWA YOGYAKARTA', '2024-06-05 04:31:41', '2024-06-05 04:31:41'),
(35, 'JAWA TIMUR', '2024-06-05 04:31:41', '2024-06-05 04:31:41'),
(36, 'BANTEN', '2024-06-05 04:31:41', '2024-06-05 04:31:41'),
(51, 'BALI', '2024-06-05 04:31:41', '2024-06-05 04:31:41'),
(52, 'NUSA TENGGARA BARAT', '2024-06-05 04:31:41', '2024-06-05 04:31:41'),
(53, 'NUSA TENGGARA TIMUR', '2024-06-05 04:31:41', '2024-06-05 04:31:41'),
(61, 'KALIMANTAN BARAT', '2024-06-05 04:31:41', '2024-06-05 04:31:41'),
(62, 'KALIMANTAN TENGAH', '2024-06-05 04:31:41', '2024-06-05 04:31:41'),
(63, 'KALIMANTAN SELATAN', '2024-06-05 04:31:41', '2024-06-05 04:31:41'),
(64, 'KALIMANTAN TIMUR', '2024-06-05 04:31:41', '2024-06-05 04:31:41'),
(65, 'KALIMANTAN UTARA', '2024-06-05 04:31:41', '2024-06-05 04:31:41'),
(71, 'SULAWESI UTARA', '2024-06-05 04:31:41', '2024-06-05 04:31:41'),
(72, 'SULAWESI TENGAH', '2024-06-05 04:31:41', '2024-06-05 04:31:41'),
(73, 'SULAWESI SELATAN', '2024-06-05 04:31:41', '2024-06-05 04:31:41'),
(74, 'SULAWESI TENGGARA', '2024-06-05 04:31:41', '2024-06-05 04:31:41'),
(75, 'GORONTALO', '2024-06-05 04:31:41', '2024-06-05 04:31:41'),
(76, 'SULAWESI BARAT', '2024-06-05 04:31:41', '2024-06-05 04:31:41'),
(81, 'MALUKU', '2024-06-05 04:31:41', '2024-06-05 04:31:41'),
(82, 'MALUKU UTARA', '2024-06-05 04:31:41', '2024-06-05 04:31:41'),
(91, 'PAPUA', '2024-06-05 04:31:41', '2024-06-05 04:31:41'),
(92, 'PAPUA BARAT', '2024-06-05 04:31:41', '2024-06-05 04:31:41'),
(93, 'PAPUA SELATAN', '2024-06-05 04:31:41', '2024-06-05 04:31:41'),
(94, 'PAPUA TENGAH', '2024-06-05 04:31:41', '2024-06-05 04:31:41'),
(95, 'PAPUA PEGUNUNGAN', '2024-06-05 04:31:41', '2024-06-05 04:31:41');

-- --------------------------------------------------------

--
-- Table structure for table `sektor`
--

CREATE TABLE `sektor` (
  `id` bigint(20) UNSIGNED NOT NULL,
  `sektor` varchar(255) NOT NULL,
  `created_at` timestamp NULL DEFAULT NULL,
  `updated_at` timestamp NULL DEFAULT NULL
) ENGINE=InnoDB DEFAULT CHARSET=utf8mb4 COLLATE=utf8mb4_unicode_ci;

--
-- Dumping data for table `sektor`
--

INSERT INTO `sektor` (`id`, `sektor`, `created_at`, `updated_at`) VALUES
(1, 'Kesehatan', '2024-06-05 04:33:22', '2024-06-05 04:33:22'),
(2, 'Pendidikan', '2024-06-05 04:33:22', '2024-06-05 04:33:22'),
(3, 'Konstruksi', '2024-06-05 04:33:22', '2024-06-05 04:33:22'),
(4, 'Hukum', '2024-06-05 04:33:22', '2024-06-05 04:33:22'),
(5, 'Keuangan', '2024-06-05 04:33:22', '2024-06-05 04:33:22'),
(6, 'Keamanan', '2024-06-05 04:33:22', '2024-06-05 04:33:22'),
(7, 'Pertanian', '2024-06-05 04:33:22', '2024-06-05 04:33:22'),
(8, 'Perikanan', '2024-06-05 04:33:22', '2024-06-05 04:33:22'),
(9, 'Teknologi Informasi', '2024-06-05 04:33:22', '2024-06-05 04:33:22'),
(10, 'Pemasaran', '2024-06-05 04:33:22', '2024-06-05 04:33:22'),
(11, 'Penelitian dan Pengembangan', '2024-06-05 04:33:22', '2024-06-05 04:33:22'),
(12, 'Media', '2024-06-05 04:33:22', '2024-06-05 04:33:22'),
(13, 'Kuliner', '2024-06-05 04:33:22', '2024-06-05 04:33:22'),
(14, 'Transportasi', '2024-06-05 04:33:22', '2024-06-05 04:33:22'),
(15, 'Kreatif', '2024-06-05 04:33:22', '2024-06-05 04:33:22'),
(16, 'Otomotif', '2024-06-05 04:33:22', '2024-06-05 04:33:22'),
(17, 'Bisnis', '2024-06-05 04:33:22', '2024-06-05 04:33:22'),
(18, 'Manufaktur', '2024-06-05 04:33:22', '2024-06-05 04:33:22');

-- --------------------------------------------------------

--
-- Table structure for table `sessions`
--

CREATE TABLE `sessions` (
  `id` varchar(255) NOT NULL,
  `user_id` bigint(20) UNSIGNED DEFAULT NULL,
  `ip_address` varchar(45) DEFAULT NULL,
  `user_agent` text DEFAULT NULL,
  `payload` longtext NOT NULL,
  `last_activity` int(11) NOT NULL
) ENGINE=InnoDB DEFAULT CHARSET=utf8mb4 COLLATE=utf8mb4_unicode_ci;

--
-- Dumping data for table `sessions`
--

INSERT INTO `sessions` (`id`, `user_id`, `ip_address`, `user_agent`, `payload`, `last_activity`) VALUES
('kiWeFhkk6RgDSKR2siNYoVwX69emcEPTNG2NFAtZ', 1, '127.0.0.1', 'Mozilla/5.0 (Windows NT 10.0; Win64; x64) AppleWebKit/537.36 (KHTML, like Gecko) Chrome/125.0.0.0 Safari/537.36', 'YTo0OntzOjY6Il90b2tlbiI7czo0MDoiY2J4TXh4cGZzWWVKOWd2MkRlZ0ZQQ1R4SWZCZjFUblBMVTREdm1GRCI7czo5OiJfcHJldmlvdXMiO2E6MTp7czozOiJ1cmwiO3M6Mjg6Imh0dHA6Ly8xMjcuMC4wLjE6ODAwMC9zZWt0b3IiO31zOjY6Il9mbGFzaCI7YToyOntzOjM6Im9sZCI7YTowOnt9czozOiJuZXciO2E6MDp7fX1zOjUwOiJsb2dpbl93ZWJfNTliYTM2YWRkYzJiMmY5NDAxNTgwZjAxNGM3ZjU4ZWE0ZTMwOTg5ZCI7aToxO30=', 1717561746);

-- --------------------------------------------------------

--
-- Table structure for table `users`
--

CREATE TABLE `users` (
  `id` bigint(20) UNSIGNED NOT NULL,
  `name` varchar(255) NOT NULL,
  `email` varchar(255) NOT NULL,
  `email_verified_at` timestamp NULL DEFAULT NULL,
  `password` varchar(255) NOT NULL,
  `remember_token` varchar(100) DEFAULT NULL,
  `created_at` timestamp NULL DEFAULT NULL,
  `updated_at` timestamp NULL DEFAULT NULL
) ENGINE=InnoDB DEFAULT CHARSET=utf8mb4 COLLATE=utf8mb4_unicode_ci;

--
-- Dumping data for table `users`
--

INSERT INTO `users` (`id`, `name`, `email`, `email_verified_at`, `password`, `remember_token`, `created_at`, `updated_at`) VALUES
(1, 'WITA AZ ZAHRAH', 'witaazz@gmail.com', NULL, '$2y$12$UASJt80Ky1qN2CUB8Si2cuUOL4X2lu5LnyWQhNjAe4/m.QmlsLmvi', NULL, '2024-06-04 06:04:38', '2024-06-04 06:04:38');

--
-- Indexes for dumped tables
--

--
-- Indexes for table `cache`
--
ALTER TABLE `cache`
  ADD PRIMARY KEY (`key`);

--
-- Indexes for table `cache_locks`
--
ALTER TABLE `cache_locks`
  ADD PRIMARY KEY (`key`);

--
-- Indexes for table `failed_jobs`
--
ALTER TABLE `failed_jobs`
  ADD PRIMARY KEY (`id`),
  ADD UNIQUE KEY `failed_jobs_uuid_unique` (`uuid`);

--
-- Indexes for table `jobs`
--
ALTER TABLE `jobs`
  ADD PRIMARY KEY (`id`),
  ADD KEY `jobs_queue_index` (`queue`);

--
-- Indexes for table `job_batches`
--
ALTER TABLE `job_batches`
  ADD PRIMARY KEY (`id`);

--
-- Indexes for table `kabupaten`
--
ALTER TABLE `kabupaten`
  ADD PRIMARY KEY (`id`);

--
-- Indexes for table `kartu_keluarga`
--
ALTER TABLE `kartu_keluarga`
  ADD PRIMARY KEY (`id`),
  ADD UNIQUE KEY `kartu_keluarga_nokk_unique` (`nokk`);

--
-- Indexes for table `kecamatan`
--
ALTER TABLE `kecamatan`
  ADD PRIMARY KEY (`id`);

--
-- Indexes for table `kelurahan`
--
ALTER TABLE `kelurahan`
  ADD PRIMARY KEY (`id`);

--
-- Indexes for table `migrations`
--
ALTER TABLE `migrations`
  ADD PRIMARY KEY (`id`);

--
-- Indexes for table `password_reset_tokens`
--
ALTER TABLE `password_reset_tokens`
  ADD PRIMARY KEY (`email`);

--
-- Indexes for table `pekerjaan`
--
ALTER TABLE `pekerjaan`
  ADD PRIMARY KEY (`id`);

--
-- Indexes for table `penduduk`
--
ALTER TABLE `penduduk`
  ADD PRIMARY KEY (`id`),
  ADD UNIQUE KEY `penduduk_nik_unique` (`nik`);

--
-- Indexes for table `provinsi`
--
ALTER TABLE `provinsi`
  ADD PRIMARY KEY (`id`);

--
-- Indexes for table `sektor`
--
ALTER TABLE `sektor`
  ADD PRIMARY KEY (`id`);

--
-- Indexes for table `sessions`
--
ALTER TABLE `sessions`
  ADD PRIMARY KEY (`id`),
  ADD KEY `sessions_user_id_index` (`user_id`),
  ADD KEY `sessions_last_activity_index` (`last_activity`);

--
-- Indexes for table `users`
--
ALTER TABLE `users`
  ADD PRIMARY KEY (`id`),
  ADD UNIQUE KEY `users_email_unique` (`email`);

--
-- AUTO_INCREMENT for dumped tables
--

--
-- AUTO_INCREMENT for table `failed_jobs`
--
ALTER TABLE `failed_jobs`
  MODIFY `id` bigint(20) UNSIGNED NOT NULL AUTO_INCREMENT;

--
-- AUTO_INCREMENT for table `jobs`
--
ALTER TABLE `jobs`
  MODIFY `id` bigint(20) UNSIGNED NOT NULL AUTO_INCREMENT;

--
-- AUTO_INCREMENT for table `kabupaten`
--
ALTER TABLE `kabupaten`
  MODIFY `id` bigint(20) UNSIGNED NOT NULL AUTO_INCREMENT, AUTO_INCREMENT=9472;

--
-- AUTO_INCREMENT for table `kartu_keluarga`
--
ALTER TABLE `kartu_keluarga`
  MODIFY `id` bigint(20) UNSIGNED NOT NULL AUTO_INCREMENT, AUTO_INCREMENT=3;

--
-- AUTO_INCREMENT for table `kecamatan`
--
ALTER TABLE `kecamatan`
  MODIFY `id` bigint(20) UNSIGNED NOT NULL AUTO_INCREMENT, AUTO_INCREMENT=2;

--
-- AUTO_INCREMENT for table `kelurahan`
--
ALTER TABLE `kelurahan`
  MODIFY `id` bigint(20) UNSIGNED NOT NULL AUTO_INCREMENT, AUTO_INCREMENT=2;

--
-- AUTO_INCREMENT for table `migrations`
--
ALTER TABLE `migrations`
  MODIFY `id` int(10) UNSIGNED NOT NULL AUTO_INCREMENT, AUTO_INCREMENT=13;

--
-- AUTO_INCREMENT for table `pekerjaan`
--
ALTER TABLE `pekerjaan`
  MODIFY `id` bigint(20) UNSIGNED NOT NULL AUTO_INCREMENT, AUTO_INCREMENT=32;

--
-- AUTO_INCREMENT for table `penduduk`
--
ALTER TABLE `penduduk`
  MODIFY `id` bigint(20) UNSIGNED NOT NULL AUTO_INCREMENT, AUTO_INCREMENT=4;

--
-- AUTO_INCREMENT for table `provinsi`
--
ALTER TABLE `provinsi`
  MODIFY `id` bigint(20) UNSIGNED NOT NULL AUTO_INCREMENT, AUTO_INCREMENT=96;

--
-- AUTO_INCREMENT for table `sektor`
--
ALTER TABLE `sektor`
  MODIFY `id` bigint(20) UNSIGNED NOT NULL AUTO_INCREMENT, AUTO_INCREMENT=20;

--
-- AUTO_INCREMENT for table `users`
--
ALTER TABLE `users`
  MODIFY `id` bigint(20) UNSIGNED NOT NULL AUTO_INCREMENT, AUTO_INCREMENT=2;
COMMIT;

/*!40101 SET CHARACTER_SET_CLIENT=@OLD_CHARACTER_SET_CLIENT */;
/*!40101 SET CHARACTER_SET_RESULTS=@OLD_CHARACTER_SET_RESULTS */;
/*!40101 SET COLLATION_CONNECTION=@OLD_COLLATION_CONNECTION */;
